size,dist,time,cost,alg
4,euclidean,0.0024,16418.9836,christofides
4,manhattan,0.0013,20022.0,christofides
4,euclidean,0.0029,18871.2324,christofides
4,manhattan,0.0015,21386.0,christofides
4,euclidean,0.0015,20372.9505,christofides
4,manhattan,0.0015,23800.0,christofides
4,euclidean,0.0018,19089.2586,christofides
4,manhattan,0.0018,22302.0,christofides
4,euclidean,0.0017,17292.2191,christofides
4,manhattan,0.0018,22026.0,christofides
4,euclidean,0.002,20249.6489,christofides
4,manhattan,0.0021,25796.0,christofides
4,euclidean,0.0015,20978.5404,christofides
4,manhattan,0.0017,26658.0,christofides
4,euclidean,0.0015,16684.7988,christofides
4,manhattan,0.0019,20514.0,christofides
4,euclidean,0.0022,20369.2986,christofides
4,manhattan,0.0023,26004.0,christofides
4,euclidean,0.0014,18176.4398,christofides
4,manhattan,0.0021,23300.0,christofides
4,euclidean,0.0018,15236.7608,christofides
4,manhattan,0.0017,19432.0,christofides
4,euclidean,0.0019,14099.9949,christofides
4,manhattan,0.0017,15904.0,christofides
4,euclidean,0.0015,17044.6212,christofides
4,manhattan,0.0014,20260.0,christofides
4,euclidean,0.0023,20967.2652,christofides
4,manhattan,0.0015,22648.0,christofides
4,euclidean,0.0022,21135.9303,christofides
4,manhattan,0.0018,24932.0,christofides
4,euclidean,0.0019,21918.0195,christofides
4,manhattan,0.0018,25490.0,christofides
4,euclidean,0.0016,16484.4989,christofides
4,manhattan,0.0019,23696.0,christofides
4,euclidean,0.0017,18760.7736,christofides
4,manhattan,0.0018,23268.0,christofides
4,euclidean,0.0014,17049.8204,christofides
4,manhattan,0.0013,21170.0,christofides
4,euclidean,0.0014,20344.3259,christofides
4,manhattan,0.0015,24916.0,christofides
4,euclidean,0.002,20317.7896,christofides
4,manhattan,0.0015,26876.0,christofides
4,euclidean,0.0015,18140.132,christofides
4,manhattan,0.0014,21862.0,christofides
4,euclidean,0.0017,19804.3851,christofides
4,manhattan,0.0018,26126.0,christofides
4,euclidean,0.0015,20015.2951,christofides
4,manhattan,0.0022,25344.0,christofides
4,euclidean,0.0023,20692.0557,christofides
4,manhattan,0.0023,23258.0,christofides
4,euclidean,0.0016,19596.2908,christofides
4,manhattan,0.0017,25388.0,christofides
4,euclidean,0.0017,19771.7959,christofides
4,manhattan,0.002,24060.0,christofides
4,euclidean,0.0015,16989.9992,christofides
4,manhattan,0.0015,21186.0,christofides
4,euclidean,0.0016,20214.0376,christofides
4,manhattan,0.0014,26140.0,christofides
4,euclidean,0.0015,19563.8326,christofides
4,manhattan,0.002,25014.0,christofides
4,euclidean,0.0021,19745.3623,christofides
4,manhattan,0.0023,26772.0,christofides
4,euclidean,0.0018,19605.1489,christofides
4,manhattan,0.0014,22754.0,christofides
4,euclidean,0.0015,16605.6839,christofides
4,manhattan,0.0015,22080.0,christofides
4,euclidean,0.0023,17254.8795,christofides
4,manhattan,0.0018,19282.0,christofides
4,euclidean,0.0029,19879.4936,christofides
4,manhattan,0.0017,25430.0,christofides
4,euclidean,0.0016,22537.4991,christofides
4,manhattan,0.0019,27896.0,christofides
4,euclidean,0.0013,18122.0751,christofides
4,manhattan,0.0013,22620.0,christofides
4,euclidean,0.0017,16354.5358,christofides
4,manhattan,0.0024,20420.0,christofides
4,euclidean,0.0015,19176.1385,christofides
4,manhattan,0.0014,21100.0,christofides
4,euclidean,0.0024,16231.3437,christofides
4,manhattan,0.0016,19732.0,christofides
4,euclidean,0.0022,14415.2105,christofides
4,manhattan,0.0014,18154.0,christofides
4,euclidean,0.002,22765.2767,christofides
4,manhattan,0.0015,27016.0,christofides
4,euclidean,0.0023,19385.4926,christofides
4,manhattan,0.0014,21556.0,christofides
4,euclidean,0.003,20531.3099,christofides
4,manhattan,0.0022,22834.0,christofides
4,euclidean,0.002,15614.3348,christofides
4,manhattan,0.0016,21814.0,christofides
4,euclidean,0.0023,18175.9979,christofides
4,manhattan,0.0018,20888.0,christofides
4,euclidean,0.0016,18208.9307,christofides
4,manhattan,0.0016,21530.0,christofides
4,euclidean,0.0015,18511.3889,christofides
4,manhattan,0.0013,23158.0,christofides
4,euclidean,0.0015,17358.4117,christofides
4,manhattan,0.0028,22796.0,christofides
4,euclidean,0.0013,17576.17,christofides
4,manhattan,0.0017,24450.0,christofides
5,euclidean,0.0065,26007.1789,christofides
5,manhattan,0.0046,30844.0,christofides
5,euclidean,0.0058,25470.4214,christofides
5,manhattan,0.0058,30576.0,christofides
5,euclidean,0.0073,25995.3935,christofides
5,manhattan,0.0052,31816.0,christofides
5,euclidean,0.0055,24256.2047,christofides
5,manhattan,0.0037,28932.0,christofides
5,euclidean,0.0069,27733.9243,christofides
5,manhattan,0.0068,35246.0,christofides
5,euclidean,0.0064,23281.365,christofides
5,manhattan,0.006,29136.0,christofides
5,euclidean,0.0047,25405.9398,christofides
5,manhattan,0.0077,33712.0,christofides
5,euclidean,0.0082,25896.9702,christofides
5,manhattan,0.0082,32256.0,christofides
5,euclidean,0.0051,27584.6089,christofides
5,manhattan,0.0057,34092.0,christofides
5,euclidean,0.0051,27020.8942,christofides
5,manhattan,0.0055,32578.0,christofides
5,euclidean,0.0098,25771.9655,christofides
5,manhattan,0.0079,31054.0,christofides
5,euclidean,0.0036,20417.938,christofides
5,manhattan,0.0033,26058.0,christofides
5,euclidean,0.0049,24555.7385,christofides
5,manhattan,0.0071,31990.0,christofides
5,euclidean,0.0047,25074.0711,christofides
5,manhattan,0.0049,32794.0,christofides
5,euclidean,0.0087,27055.7068,christofides
5,manhattan,0.0085,30468.0,christofides
5,euclidean,0.0057,22896.2485,christofides
5,manhattan,0.0038,25560.0,christofides
5,euclidean,0.0051,24678.1032,christofides
5,manhattan,0.0053,31990.0,christofides
5,euclidean,0.0048,24256.3662,christofides
5,manhattan,0.005,28468.0,christofides
5,euclidean,0.0065,25387.192,christofides
5,manhattan,0.0073,32892.0,christofides
5,euclidean,0.0042,25859.3413,christofides
5,manhattan,0.0057,35202.0,christofides
5,euclidean,0.0052,22658.2198,christofides
5,manhattan,0.0061,30402.0,christofides
5,euclidean,0.0052,26597.9461,christofides
5,manhattan,0.0055,32984.0,christofides
5,euclidean,0.0059,25712.0737,christofides
5,manhattan,0.0064,32200.0,christofides
5,euclidean,0.0059,21481.9789,christofides
5,manhattan,0.006,25362.0,christofides
5,euclidean,0.0072,25934.2173,christofides
5,manhattan,0.0065,32134.0,christofides
5,euclidean,0.0085,27134.6909,christofides
5,manhattan,0.0078,34426.0,christofides
5,euclidean,0.0064,29065.993,christofides
5,manhattan,0.0058,34486.0,christofides
5,euclidean,0.0066,27317.6454,christofides
5,manhattan,0.0048,31744.0,christofides
5,euclidean,0.0064,26119.4353,christofides
5,manhattan,0.0065,32456.0,christofides
5,euclidean,0.0084,23917.8362,christofides
5,manhattan,0.0081,29228.0,christofides
5,euclidean,0.0094,25708.3715,christofides
5,manhattan,0.0042,34752.0,christofides
5,euclidean,0.0061,26691.7759,christofides
5,manhattan,0.0059,32384.0,christofides
5,euclidean,0.0073,25772.2145,christofides
5,manhattan,0.0072,31640.0,christofides
5,euclidean,0.0071,23997.6699,christofides
5,manhattan,0.0063,29826.0,christofides
5,euclidean,0.0054,28344.7732,christofides
5,manhattan,0.0056,33930.0,christofides
5,euclidean,0.0057,26243.2014,christofides
5,manhattan,0.0048,31760.0,christofides
5,euclidean,0.0044,24070.1799,christofides
5,manhattan,0.0047,30438.0,christofides
5,euclidean,0.0107,30299.2016,christofides
5,manhattan,0.0082,36856.0,christofides
5,euclidean,0.0068,26989.8699,christofides
5,manhattan,0.0083,35022.0,christofides
5,euclidean,0.0052,25829.314,christofides
5,manhattan,0.0057,31928.0,christofides
5,euclidean,0.0068,26764.3118,christofides
5,manhattan,0.0046,32910.0,christofides
5,euclidean,0.0067,29411.0495,christofides
5,manhattan,0.0071,34544.0,christofides
5,euclidean,0.0059,25416.7466,christofides
5,manhattan,0.0089,33450.0,christofides
5,euclidean,0.0087,26023.7622,christofides
5,manhattan,0.0107,32734.0,christofides
5,euclidean,0.0081,24964.3533,christofides
5,manhattan,0.0086,31392.0,christofides
5,euclidean,0.0071,25205.9212,christofides
5,manhattan,0.0072,32650.0,christofides
5,euclidean,0.0085,26744.9195,christofides
5,manhattan,0.0098,31474.0,christofides
5,euclidean,0.012,27061.7958,christofides
5,manhattan,0.01,34180.0,christofides
5,euclidean,0.0082,26341.2626,christofides
5,manhattan,0.0081,33216.0,christofides
5,euclidean,0.0056,24267.5127,christofides
5,manhattan,0.0051,30346.0,christofides
6,euclidean,0.0474,34736.6401,christofides
6,manhattan,0.0411,44164.0,christofides
6,euclidean,0.0248,36755.4215,christofides
6,manhattan,0.0189,42330.0,christofides
6,euclidean,0.0313,37686.2075,christofides
6,manhattan,0.035,45854.0,christofides
6,euclidean,0.0548,34982.2009,christofides
6,manhattan,0.0554,46206.0,christofides
6,euclidean,0.0318,35294.2632,christofides
6,manhattan,0.0387,44076.0,christofides
6,euclidean,0.0285,36259.3574,christofides
6,manhattan,0.0344,45174.0,christofides
6,euclidean,0.0294,34980.8708,christofides
6,manhattan,0.0216,40470.0,christofides
6,euclidean,0.0269,36777.3361,christofides
6,manhattan,0.0338,44222.0,christofides
6,euclidean,0.028,34655.8947,christofides
6,manhattan,0.0565,44114.0,christofides
6,euclidean,0.0421,36468.4963,christofides
6,manhattan,0.0366,45482.0,christofides
6,euclidean,0.0328,34404.8045,christofides
6,manhattan,0.0283,43956.0,christofides
6,euclidean,0.059,34947.5559,christofides
6,manhattan,0.0599,43626.0,christofides
6,euclidean,0.0437,35609.4754,christofides
6,manhattan,0.0353,45750.0,christofides
6,euclidean,0.0281,37120.5418,christofides
6,manhattan,0.0434,43354.0,christofides
6,euclidean,0.0475,34461.1661,christofides
6,manhattan,0.0446,43226.0,christofides
6,euclidean,0.0298,34182.0795,christofides
6,manhattan,0.0366,43564.0,christofides
6,euclidean,0.0326,36853.4099,christofides
6,manhattan,0.0269,43510.0,christofides
6,euclidean,0.0492,33221.5578,christofides
6,manhattan,0.0432,40310.0,christofides
6,euclidean,0.0466,34943.4912,christofides
6,manhattan,0.0378,42818.0,christofides
6,euclidean,0.0264,32431.9201,christofides
6,manhattan,0.0286,39592.0,christofides
6,euclidean,0.0261,35077.3678,christofides
6,manhattan,0.034,45910.0,christofides
6,euclidean,0.0304,36043.512,christofides
6,manhattan,0.046,47462.0,christofides
6,euclidean,0.0386,36229.3398,christofides
6,manhattan,0.0402,45306.0,christofides
6,euclidean,0.053,37198.1889,christofides
6,manhattan,0.0411,43530.0,christofides
6,euclidean,0.0305,32565.8201,christofides
6,manhattan,0.0343,41226.0,christofides
6,euclidean,0.0383,35622.952,christofides
6,manhattan,0.0468,43850.0,christofides
6,euclidean,0.0309,34836.5383,christofides
6,manhattan,0.0343,42938.0,christofides
6,euclidean,0.0445,38151.4602,christofides
6,manhattan,0.0675,48248.0,christofides
6,euclidean,0.0387,37900.114,christofides
6,manhattan,0.0625,47632.0,christofides
6,euclidean,0.0315,31472.9556,christofides
6,manhattan,0.0433,40938.0,christofides
6,euclidean,0.0313,32195.9388,christofides
6,manhattan,0.041,40684.0,christofides
6,euclidean,0.0403,35028.902,christofides
6,manhattan,0.0321,42328.0,christofides
6,euclidean,0.0476,35700.0488,christofides
6,manhattan,0.0483,44964.0,christofides
6,euclidean,0.0288,34592.9606,christofides
6,manhattan,0.0303,45620.0,christofides
6,euclidean,0.0276,37658.1859,christofides
6,manhattan,0.0328,45706.0,christofides
6,euclidean,0.0286,35599.8753,christofides
6,manhattan,0.0265,42770.0,christofides
6,euclidean,0.0213,32428.0969,christofides
6,manhattan,0.0213,42216.0,christofides
6,euclidean,0.0541,38716.0709,christofides
6,manhattan,0.0484,46010.0,christofides
6,euclidean,0.0284,32975.5943,christofides
6,manhattan,0.0355,41984.0,christofides
6,euclidean,0.0361,36121.933,christofides
6,manhattan,0.0379,43584.0,christofides
6,euclidean,0.0231,36114.7052,christofides
6,manhattan,0.0292,44506.0,christofides
6,euclidean,0.0449,37556.6033,christofides
6,manhattan,0.0683,47556.0,christofides
6,euclidean,0.0444,35369.7106,christofides
6,manhattan,0.0354,43820.0,christofides
6,euclidean,0.0368,36200.5612,christofides
6,manhattan,0.0618,45060.0,christofides
6,euclidean,0.0681,33590.0706,christofides
6,manhattan,0.0439,42278.0,christofides
6,euclidean,0.0219,38296.6015,christofides
6,manhattan,0.0371,50310.0,christofides
6,euclidean,0.0281,38089.7741,christofides
6,manhattan,0.0287,45960.0,christofides
6,euclidean,0.0293,36328.857,christofides
6,manhattan,0.0263,45230.0,christofides
6,euclidean,0.0434,33240.4868,christofides
6,manhattan,0.0345,40786.0,christofides
6,euclidean,0.0578,36908.3664,christofides
6,manhattan,0.0484,45710.0,christofides
7,euclidean,0.172,45689.8083,christofides
7,manhattan,0.2377,58158.0,christofides
7,euclidean,0.1862,46685.0849,christofides
7,manhattan,0.1774,58336.0,christofides
7,euclidean,0.1424,49465.9314,christofides
7,manhattan,0.2112,61362.0,christofides
7,euclidean,0.1334,49415.0581,christofides
7,manhattan,0.104,63054.0,christofides
7,euclidean,0.1313,47789.3477,christofides
7,manhattan,0.1542,61210.0,christofides
7,euclidean,0.1352,51145.6387,christofides
7,manhattan,0.1682,64536.0,christofides
7,euclidean,0.1145,47019.6983,christofides
7,manhattan,0.154,58454.0,christofides
7,euclidean,0.1982,47663.4921,christofides
7,manhattan,0.2302,58222.0,christofides
7,euclidean,0.268,49661.1147,christofides
7,manhattan,0.2094,62030.0,christofides
7,euclidean,0.2177,49729.0557,christofides
7,manhattan,0.214,62512.0,christofides
7,euclidean,0.1452,47611.1183,christofides
7,manhattan,0.1695,58804.0,christofides
7,euclidean,0.2622,48995.342,christofides
7,manhattan,0.187,62008.0,christofides
7,euclidean,0.23,47957.095,christofides
7,manhattan,0.2469,58874.0,christofides
7,euclidean,0.3469,50080.4575,christofides
7,manhattan,0.3844,64054.0,christofides
7,euclidean,0.284,47870.1835,christofides
7,manhattan,0.4276,60516.0,christofides
7,euclidean,0.3556,50465.8139,christofides
7,manhattan,0.3778,62528.0,christofides
7,euclidean,0.2981,47947.6592,christofides
7,manhattan,0.2931,59024.0,christofides
7,euclidean,0.1829,47740.0801,christofides
7,manhattan,0.2193,58824.0,christofides
7,euclidean,0.3965,50427.6152,christofides
7,manhattan,0.2682,61144.0,christofides
7,euclidean,0.2069,51880.0068,christofides
7,manhattan,0.1745,63462.0,christofides
7,euclidean,0.1592,49623.2751,christofides
7,manhattan,0.2173,61152.0,christofides
7,euclidean,0.2559,49155.4318,christofides
7,manhattan,0.2257,63026.0,christofides
7,euclidean,0.1332,45476.2311,christofides
7,manhattan,0.2621,58356.0,christofides
7,euclidean,0.1911,49083.8534,christofides
7,manhattan,0.2099,62242.0,christofides
7,euclidean,0.2762,49869.2014,christofides
7,manhattan,0.2805,60154.0,christofides
7,euclidean,0.3104,51079.8323,christofides
7,manhattan,0.4771,65534.0,christofides
7,euclidean,0.1788,49977.0029,christofides
7,manhattan,0.2326,63288.0,christofides
7,euclidean,0.206,45626.7463,christofides
7,manhattan,0.2607,58032.0,christofides
7,euclidean,0.2397,49585.5437,christofides
7,manhattan,0.1892,58910.0,christofides
7,euclidean,0.2324,49236.3518,christofides
7,manhattan,0.2211,62506.0,christofides
7,euclidean,0.2189,51412.8827,christofides
7,manhattan,0.2988,65290.0,christofides
7,euclidean,0.2487,48676.283,christofides
7,manhattan,0.2157,58510.0,christofides
7,euclidean,0.2349,46833.7512,christofides
7,manhattan,0.2191,58488.0,christofides
7,euclidean,0.2145,48526.9144,christofides
7,manhattan,0.3205,58998.0,christofides
7,euclidean,0.2106,49852.6628,christofides
7,manhattan,0.1737,62400.0,christofides
7,euclidean,0.1108,47038.3075,christofides
7,manhattan,0.1283,59062.0,christofides
7,euclidean,0.2243,49862.3617,christofides
7,manhattan,0.1529,62258.0,christofides
7,euclidean,0.1368,49303.9995,christofides
7,manhattan,0.1066,61214.0,christofides
7,euclidean,0.1473,47427.4092,christofides
7,manhattan,0.115,59714.0,christofides
7,euclidean,0.1265,48171.1677,christofides
7,manhattan,0.1532,59672.0,christofides
7,euclidean,0.1149,48473.8183,christofides
7,manhattan,0.1635,64152.0,christofides
7,euclidean,0.1196,49709.3375,christofides
7,manhattan,0.1286,60696.0,christofides
7,euclidean,0.1139,47282.993,christofides
7,manhattan,0.0969,60344.0,christofides
7,euclidean,0.1472,53078.4108,christofides
7,manhattan,0.1654,65782.0,christofides
7,euclidean,0.1064,48621.6166,christofides
7,manhattan,0.1591,62692.0,christofides
7,euclidean,0.133,47586.5344,christofides
7,manhattan,0.1299,61144.0,christofides
7,euclidean,0.1549,47068.5109,christofides
7,manhattan,0.132,61744.0,christofides
7,euclidean,0.1313,51018.8419,christofides
7,manhattan,0.2331,64516.0,christofides
7,euclidean,0.1208,48707.4346,christofides
7,manhattan,0.1305,61082.0,christofides
7,euclidean,0.1282,48693.5189,christofides
7,manhattan,0.1363,61128.0,christofides
8,euclidean,0.8581,66534.4896,christofides
8,manhattan,1.1169,82790.0,christofides
8,euclidean,0.5849,67799.2888,christofides
8,manhattan,0.7435,83174.0,christofides
8,euclidean,0.8405,66037.5632,christofides
8,manhattan,0.685,82240.0,christofides
8,euclidean,0.9333,67690.6825,christofides
8,manhattan,1.511,87406.0,christofides
8,euclidean,1.0368,68505.9735,christofides
8,manhattan,1.444,87876.0,christofides
8,euclidean,2.2805,66983.4319,christofides
8,manhattan,1.1374,84564.0,christofides
8,euclidean,0.9485,68422.4731,christofides
8,manhattan,1.3876,88326.0,christofides
8,euclidean,1.3921,65888.1763,christofides
8,manhattan,1.0096,83960.0,christofides
8,euclidean,1.0097,66800.922,christofides
8,manhattan,0.8621,84004.0,christofides
8,euclidean,0.8539,67756.4144,christofides
8,manhattan,1.0112,86588.0,christofides
8,euclidean,0.8869,68345.0755,christofides
8,manhattan,0.9126,83530.0,christofides
8,euclidean,0.7795,64925.3943,christofides
8,manhattan,0.8262,82764.0,christofides
8,euclidean,1.069,68883.1226,christofides
8,manhattan,0.8407,86616.0,christofides
8,euclidean,0.9048,65365.9871,christofides
8,manhattan,1.2078,80396.0,christofides
8,euclidean,0.847,65903.9072,christofides
8,manhattan,1.0405,84142.0,christofides
8,euclidean,1.5192,67837.3292,christofides
8,manhattan,1.7649,88120.0,christofides
8,euclidean,0.9936,67488.9296,christofides
8,manhattan,0.9337,83522.0,christofides
8,euclidean,1.3754,69309.4293,christofides
8,manhattan,0.9655,87272.0,christofides
8,euclidean,0.7941,65929.4041,christofides
8,manhattan,1.1167,84080.0,christofides
8,euclidean,1.6468,69213.2135,christofides
8,manhattan,2.5563,87712.0,christofides
8,euclidean,1.7188,69113.915,christofides
8,manhattan,1.5806,86790.0,christofides
8,euclidean,1.3598,64021.1317,christofides
8,manhattan,2.1287,82646.0,christofides
8,euclidean,1.1007,68625.6294,christofides
8,manhattan,1.0121,87920.0,christofides
8,euclidean,0.8985,66331.9678,christofides
8,manhattan,0.8404,83562.0,christofides
8,euclidean,1.0538,67681.2916,christofides
8,manhattan,0.77,83280.0,christofides
8,euclidean,0.8502,66933.6818,christofides
8,manhattan,0.9252,85886.0,christofides
8,euclidean,0.8776,67201.4361,christofides
8,manhattan,0.7583,82946.0,christofides
8,euclidean,0.9004,68857.5629,christofides
8,manhattan,0.8666,85930.0,christofides
8,euclidean,0.9546,66467.5995,christofides
8,manhattan,0.8848,83686.0,christofides
8,euclidean,1.1753,67844.4428,christofides
8,manhattan,1.5667,85874.0,christofides
8,euclidean,0.7749,68606.7618,christofides
8,manhattan,0.9252,84404.0,christofides
8,euclidean,0.7819,68899.8853,christofides
8,manhattan,0.9135,88682.0,christofides
8,euclidean,1.0481,68414.0361,christofides
8,manhattan,0.8494,84114.0,christofides
8,euclidean,0.9214,66296.1771,christofides
8,manhattan,0.9116,83350.0,christofides
8,euclidean,1.0875,66634.1722,christofides
8,manhattan,1.0132,83416.0,christofides
8,euclidean,0.9207,66091.3381,christofides
8,manhattan,0.9995,86636.0,christofides
8,euclidean,0.9607,67232.1106,christofides
8,manhattan,1.3515,85266.0,christofides
8,euclidean,0.9274,69212.6588,christofides
8,manhattan,1.0247,84972.0,christofides
8,euclidean,0.8695,70396.0188,christofides
8,manhattan,0.9175,88090.0,christofides
8,euclidean,0.8846,68910.2825,christofides
8,manhattan,0.9835,86972.0,christofides
8,euclidean,0.9184,68164.7931,christofides
8,manhattan,1.1067,85686.0,christofides
8,euclidean,0.8675,69274.3145,christofides
8,manhattan,0.7331,85170.0,christofides
8,euclidean,0.823,66702.0313,christofides
8,manhattan,0.861,83546.0,christofides
8,euclidean,0.9016,68105.8118,christofides
8,manhattan,1.0324,86720.0,christofides
8,euclidean,0.9122,66604.5676,christofides
8,manhattan,0.8846,83420.0,christofides
8,euclidean,0.8269,66873.9525,christofides
8,manhattan,1.0912,84276.0,christofides
8,euclidean,0.892,69922.7598,christofides
8,manhattan,0.8201,87592.0,christofides
8,euclidean,0.922,66704.3198,christofides
8,manhattan,1.0392,82726.0,christofides
8,euclidean,0.8123,66095.2143,christofides
8,manhattan,0.8822,84006.0,christofides
8,euclidean,0.7777,68412.1859,christofides
8,manhattan,0.8893,85512.0,christofides
9,euclidean,5.4832,94420.4277,christofides
9,manhattan,6.3544,120816.0,christofides
9,euclidean,5.9281,92674.7207,christofides
9,manhattan,6.3164,117178.0,christofides
9,euclidean,7.9252,94205.063,christofides
9,manhattan,7.2607,120260.0,christofides
9,euclidean,6.5489,93722.3005,christofides
9,manhattan,7.9725,119058.0,christofides
9,euclidean,6.2423,95508.7051,christofides
9,manhattan,7.2889,118248.0,christofides
9,euclidean,7.8182,95802.956,christofides
9,manhattan,6.6227,121376.0,christofides
9,euclidean,5.8022,93510.9891,christofides
9,manhattan,6.0616,119478.0,christofides
9,euclidean,7.6889,94192.3776,christofides
9,manhattan,5.6126,116880.0,christofides
9,euclidean,7.964,94580.4692,christofides
9,manhattan,8.5748,120738.0,christofides
9,euclidean,6.4355,94428.3061,christofides
9,manhattan,7.7629,119616.0,christofides
9,euclidean,5.7,91011.5515,christofides
9,manhattan,4.947,113910.0,christofides
9,euclidean,7.7045,96964.6623,christofides
9,manhattan,7.564,121062.0,christofides
9,euclidean,6.914,95362.5815,christofides
9,manhattan,7.269,118936.0,christofides
9,euclidean,6.9406,95486.1902,christofides
9,manhattan,6.7291,120268.0,christofides
9,euclidean,6.5524,92842.962,christofides
9,manhattan,6.2998,117012.0,christofides
9,euclidean,6.3343,94604.3642,christofides
9,manhattan,5.2403,119258.0,christofides
9,euclidean,5.8694,94224.1839,christofides
9,manhattan,7.1973,118702.0,christofides
9,euclidean,6.3916,92253.5598,christofides
9,manhattan,7.0511,119516.0,christofides
9,euclidean,6.8664,94329.3817,christofides
9,manhattan,5.9883,119688.0,christofides
9,euclidean,7.9138,96502.2571,christofides
9,manhattan,9.1409,120658.0,christofides
9,euclidean,6.5834,95034.7435,christofides
9,manhattan,8.0167,120908.0,christofides
9,euclidean,7.0673,96074.7859,christofides
9,manhattan,6.6273,120074.0,christofides
9,euclidean,5.0164,94660.5115,christofides
9,manhattan,5.6232,117964.0,christofides
9,euclidean,5.7362,94874.3236,christofides
9,manhattan,6.8901,118174.0,christofides
9,euclidean,6.6646,95404.8628,christofides
9,manhattan,6.7118,121600.0,christofides
9,euclidean,6.238,93568.5582,christofides
9,manhattan,6.2889,117024.0,christofides
9,euclidean,6.9648,92958.2713,christofides
9,manhattan,6.8154,117340.0,christofides
9,euclidean,6.8457,95348.9619,christofides
9,manhattan,6.5491,118550.0,christofides
9,euclidean,6.7746,95063.4116,christofides
9,manhattan,6.5241,121862.0,christofides
9,euclidean,5.9095,97045.7478,christofides
9,manhattan,5.736,121452.0,christofides
9,euclidean,6.2868,95653.4321,christofides
9,manhattan,6.5939,120024.0,christofides
9,euclidean,5.8319,93179.5621,christofides
9,manhattan,6.0741,118310.0,christofides
9,euclidean,5.6397,94884.6676,christofides
9,manhattan,5.7439,118422.0,christofides
9,euclidean,6.7474,93199.9678,christofides
9,manhattan,8.2211,121104.0,christofides
9,euclidean,7.6501,96394.4746,christofides
9,manhattan,8.6153,121490.0,christofides
9,euclidean,8.2261,94564.5521,christofides
9,manhattan,5.5612,119746.0,christofides
9,euclidean,11.1571,95344.2012,christofides
9,manhattan,8.9057,120164.0,christofides
9,euclidean,7.1327,95091.7668,christofides
9,manhattan,6.9546,122050.0,christofides
9,euclidean,7.71,95017.2446,christofides
9,manhattan,9.8817,120656.0,christofides
9,euclidean,6.1324,94718.3901,christofides
9,manhattan,6.4118,119262.0,christofides
9,euclidean,7.7307,96203.3653,christofides
9,manhattan,6.3013,118504.0,christofides
9,euclidean,7.6746,94336.5476,christofides
9,manhattan,7.2473,119642.0,christofides
9,euclidean,6.0912,93747.0184,christofides
9,manhattan,5.8502,120328.0,christofides
9,euclidean,7.1783,93809.4722,christofides
9,manhattan,6.3511,116540.0,christofides
9,euclidean,7.1742,96193.2399,christofides
9,manhattan,5.6944,119850.0,christofides
9,euclidean,8.0389,95746.6498,christofides
9,manhattan,7.0937,120106.0,christofides
9,euclidean,5.9818,92928.1746,christofides
9,manhattan,7.036,119264.0,christofides
9,euclidean,7.408,98971.7082,christofides
9,manhattan,7.6687,123554.0,christofides
9,euclidean,6.8435,95646.4847,christofides
9,manhattan,7.3329,120072.0,christofides
9,euclidean,7.4149,96567.4309,christofides
9,manhattan,7.0594,119934.0,christofides
10,euclidean,53.4608,135327.7212,christofides
10,manhattan,41.0664,169338.0,christofides
10,euclidean,43.4287,131031.9887,christofides
10,manhattan,46.524,167142.0,christofides
10,euclidean,45.6579,132785.8186,christofides
10,manhattan,41.8752,166972.0,christofides
10,euclidean,62.7091,132452.27,christofides
10,manhattan,50.6289,166084.0,christofides
10,euclidean,56.8576,132185.8181,christofides
10,manhattan,58.5709,165852.0,christofides
10,euclidean,70.3592,131925.1873,christofides
10,manhattan,64.03,167062.0,christofides
10,euclidean,54.968,133606.2177,christofides
10,manhattan,64.6046,167122.0,christofides
10,euclidean,72.693,131286.8183,christofides
10,manhattan,42.7232,166184.0,christofides
10,euclidean,48.6428,134379.3344,christofides
10,manhattan,42.4176,167916.0,christofides
10,euclidean,56.0486,133277.6824,christofides
10,manhattan,41.0465,167674.0,christofides
10,euclidean,53.0392,134028.0757,christofides
10,manhattan,47.1976,169862.0,christofides
10,euclidean,54.9037,130806.0926,christofides
10,manhattan,50.6242,164474.0,christofides
10,euclidean,47.8136,133795.4168,christofides
10,manhattan,46.3563,168592.0,christofides
10,euclidean,38.0409,128591.9579,christofides
10,manhattan,45.0312,165764.0,christofides
10,euclidean,53.7904,133514.55,christofides
10,manhattan,46.0552,168842.0,christofides
10,euclidean,54.9512,134139.6163,christofides
10,manhattan,47.8057,167916.0,christofides
10,euclidean,47.331,133321.9949,christofides
10,manhattan,45.4487,170324.0,christofides
10,euclidean,48.1895,132979.3096,christofides
10,manhattan,43.437,167238.0,christofides
10,euclidean,48.4134,132303.661,christofides
10,manhattan,47.4071,167040.0,christofides
10,euclidean,58.4541,133937.3551,christofides
10,manhattan,49.3859,166344.0,christofides
10,euclidean,49.916,133745.9423,christofides
10,manhattan,48.3394,166984.0,christofides
10,euclidean,49.5776,132094.9181,christofides
10,manhattan,45.8453,165522.0,christofides
10,euclidean,37.8086,131531.962,christofides
10,manhattan,50.8608,169012.0,christofides
10,euclidean,53.2134,132920.296,christofides
10,manhattan,49.9192,167582.0,christofides
10,euclidean,51.3112,133100.9871,christofides
10,manhattan,50.0829,168700.0,christofides
10,euclidean,49.8573,133012.3525,christofides
10,manhattan,43.6825,166952.0,christofides
10,euclidean,54.0059,132355.0194,christofides
10,manhattan,50.8471,166268.0,christofides
10,euclidean,59.1039,133435.4165,christofides
10,manhattan,54.6945,168324.0,christofides
10,euclidean,51.4499,133856.4663,christofides
10,manhattan,47.653,167504.0,christofides
10,euclidean,44.6645,130415.7475,christofides
10,manhattan,46.8478,166064.0,christofides
10,euclidean,65.2405,135048.069,christofides
10,manhattan,48.2461,172218.0,christofides
10,euclidean,59.3027,132480.3652,christofides
10,manhattan,60.9994,168396.0,christofides
10,euclidean,52.0042,132457.0647,christofides
10,manhattan,49.7075,166784.0,christofides
10,euclidean,59.1041,133675.554,christofides
10,manhattan,51.5703,170520.0,christofides
10,euclidean,57.8129,131481.9032,christofides
10,manhattan,41.6432,165262.0,christofides
10,euclidean,44.1436,133351.9203,christofides
10,manhattan,56.3553,168524.0,christofides
10,euclidean,64.6864,132730.6347,christofides
10,manhattan,50.1161,167148.0,christofides
10,euclidean,53.8304,134942.3008,christofides
10,manhattan,48.3691,167204.0,christofides
10,euclidean,48.1302,131912.3788,christofides
10,manhattan,39.3544,166368.0,christofides
10,euclidean,52.5604,132434.8282,christofides
10,manhattan,39.4096,167444.0,christofides
10,euclidean,53.7687,132714.9849,christofides
10,manhattan,49.8851,166872.0,christofides
10,euclidean,58.3277,133688.1962,christofides
10,manhattan,46.7594,166562.0,christofides
10,euclidean,47.4685,131789.1933,christofides
10,manhattan,49.4672,165816.0,christofides
10,euclidean,57.6925,133256.427,christofides
10,manhattan,54.7582,169570.0,christofides
10,euclidean,47.9794,130424.2119,christofides
10,manhattan,41.4543,165898.0,christofides
10,euclidean,41.6,129606.7297,christofides
10,manhattan,44.3753,164350.0,christofides
10,euclidean,47.105,133463.2569,christofides
10,manhattan,49.5541,169382.0,christofides
10,euclidean,61.7974,132018.4097,christofides
10,manhattan,46.0328,165448.0,christofides
10,euclidean,59.3975,135166.6376,christofides
10,manhattan,46.8487,169056.0,christofides
10,euclidean,51.8383,133522.5498,christofides
10,manhattan,48.769,168764.0,christofides
4,euclidean,0.001,16236.6091,twice-around-the-tree
4,manhattan,0.0007,19464.0,twice-around-the-tree
4,euclidean,0.0007,22084.8265,twice-around-the-tree
4,manhattan,0.0006,27538.0,twice-around-the-tree
4,euclidean,0.0006,21675.3393,twice-around-the-tree
4,manhattan,0.0006,26902.0,twice-around-the-tree
4,euclidean,0.0012,23235.182,twice-around-the-tree
4,manhattan,0.0007,23802.0,twice-around-the-tree
4,euclidean,0.0006,18545.4556,twice-around-the-tree
4,manhattan,0.0006,22826.0,twice-around-the-tree
4,euclidean,0.0007,20951.0801,twice-around-the-tree
4,manhattan,0.0006,26012.0,twice-around-the-tree
4,euclidean,0.0006,18874.8093,twice-around-the-tree
4,manhattan,0.0007,22650.0,twice-around-the-tree
4,euclidean,0.0007,21894.3963,twice-around-the-tree
4,manhattan,0.0006,26036.0,twice-around-the-tree
4,euclidean,0.0006,21868.6373,twice-around-the-tree
4,manhattan,0.0007,24132.0,twice-around-the-tree
4,euclidean,0.0007,21416.6629,twice-around-the-tree
4,manhattan,0.0006,25200.0,twice-around-the-tree
4,euclidean,0.0007,23308.9557,twice-around-the-tree
4,manhattan,0.0006,30476.0,twice-around-the-tree
4,euclidean,0.0007,21774.3171,twice-around-the-tree
4,manhattan,0.0007,27546.0,twice-around-the-tree
4,euclidean,0.0006,20324.3509,twice-around-the-tree
4,manhattan,0.0006,26000.0,twice-around-the-tree
4,euclidean,0.0007,20697.7387,twice-around-the-tree
4,manhattan,0.0006,31142.0,twice-around-the-tree
4,euclidean,0.0007,22665.4156,twice-around-the-tree
4,manhattan,0.0006,28610.0,twice-around-the-tree
4,euclidean,0.0007,22856.8271,twice-around-the-tree
4,manhattan,0.0006,29372.0,twice-around-the-tree
4,euclidean,0.0006,23320.323,twice-around-the-tree
4,manhattan,0.0006,28918.0,twice-around-the-tree
4,euclidean,0.0007,21224.0679,twice-around-the-tree
4,manhattan,0.0006,31852.0,twice-around-the-tree
4,euclidean,0.0006,21875.9821,twice-around-the-tree
4,manhattan,0.0006,31296.0,twice-around-the-tree
4,euclidean,0.0007,19870.4399,twice-around-the-tree
4,manhattan,0.0006,26808.0,twice-around-the-tree
4,euclidean,0.0006,19335.0505,twice-around-the-tree
4,manhattan,0.0006,25952.0,twice-around-the-tree
4,euclidean,0.0007,17526.7755,twice-around-the-tree
4,manhattan,0.0007,20924.0,twice-around-the-tree
4,euclidean,0.0006,20043.8757,twice-around-the-tree
4,manhattan,0.0006,25158.0,twice-around-the-tree
4,euclidean,0.0007,20220.0884,twice-around-the-tree
4,manhattan,0.0006,24576.0,twice-around-the-tree
4,euclidean,0.0007,21102.9785,twice-around-the-tree
4,manhattan,0.0007,25564.0,twice-around-the-tree
4,euclidean,0.0007,21183.9379,twice-around-the-tree
4,manhattan,0.0006,24996.0,twice-around-the-tree
4,euclidean,0.0006,19959.7666,twice-around-the-tree
4,manhattan,0.0006,23468.0,twice-around-the-tree
4,euclidean,0.0009,19735.5511,twice-around-the-tree
4,manhattan,0.0006,24186.0,twice-around-the-tree
4,euclidean,0.0006,19995.9041,twice-around-the-tree
4,manhattan,0.0006,26994.0,twice-around-the-tree
4,euclidean,0.0007,15811.1755,twice-around-the-tree
4,manhattan,0.0006,21028.0,twice-around-the-tree
4,euclidean,0.0006,19518.0244,twice-around-the-tree
4,manhattan,0.0006,24766.0,twice-around-the-tree
4,euclidean,0.0007,25626.052,twice-around-the-tree
4,manhattan,0.0007,34368.0,twice-around-the-tree
4,euclidean,0.0006,22491.3732,twice-around-the-tree
4,manhattan,0.0006,25746.0,twice-around-the-tree
4,euclidean,0.0007,17895.886,twice-around-the-tree
4,manhattan,0.0006,21974.0,twice-around-the-tree
4,euclidean,0.0006,21742.8817,twice-around-the-tree
4,manhattan,0.0006,26376.0,twice-around-the-tree
4,euclidean,0.0007,21501.8528,twice-around-the-tree
4,manhattan,0.0006,27602.0,twice-around-the-tree
4,euclidean,0.0006,19681.8097,twice-around-the-tree
4,manhattan,0.0006,26952.0,twice-around-the-tree
4,euclidean,0.0007,23077.2097,twice-around-the-tree
4,manhattan,0.0006,29848.0,twice-around-the-tree
4,euclidean,0.0006,22642.0139,twice-around-the-tree
4,manhattan,0.0006,29946.0,twice-around-the-tree
4,euclidean,0.0007,15641.1592,twice-around-the-tree
4,manhattan,0.0006,26542.0,twice-around-the-tree
4,euclidean,0.0006,22259.7376,twice-around-the-tree
4,manhattan,0.0006,28274.0,twice-around-the-tree
4,euclidean,0.0007,20894.4877,twice-around-the-tree
4,manhattan,0.0006,27158.0,twice-around-the-tree
4,euclidean,0.0006,23501.9646,twice-around-the-tree
4,manhattan,0.0006,29296.0,twice-around-the-tree
4,euclidean,0.0007,20597.5121,twice-around-the-tree
4,manhattan,0.0006,23808.0,twice-around-the-tree
4,euclidean,0.0006,23671.913,twice-around-the-tree
4,manhattan,0.0006,31446.0,twice-around-the-tree
4,euclidean,0.0007,17986.606,twice-around-the-tree
4,manhattan,0.0006,21556.0,twice-around-the-tree
4,euclidean,0.0007,21398.6979,twice-around-the-tree
4,manhattan,0.0006,24262.0,twice-around-the-tree
4,euclidean,0.0007,21968.9515,twice-around-the-tree
4,manhattan,0.0006,28888.0,twice-around-the-tree
4,euclidean,0.0006,17860.6179,twice-around-the-tree
4,manhattan,0.0006,23960.0,twice-around-the-tree
4,euclidean,0.0007,21928.4074,twice-around-the-tree
4,manhattan,0.0006,26174.0,twice-around-the-tree
5,euclidean,0.0024,31548.4171,twice-around-the-tree
5,manhattan,0.0022,39116.0,twice-around-the-tree
5,euclidean,0.0023,27229.4556,twice-around-the-tree
5,manhattan,0.0022,38898.0,twice-around-the-tree
5,euclidean,0.0023,29456.4445,twice-around-the-tree
5,manhattan,0.0023,41390.0,twice-around-the-tree
5,euclidean,0.0022,31046.7943,twice-around-the-tree
5,manhattan,0.0022,37374.0,twice-around-the-tree
5,euclidean,0.0023,31310.882,twice-around-the-tree
5,manhattan,0.0022,38984.0,twice-around-the-tree
5,euclidean,0.0023,30456.1219,twice-around-the-tree
5,manhattan,0.0022,43064.0,twice-around-the-tree
5,euclidean,0.0024,28982.4847,twice-around-the-tree
5,manhattan,0.0022,37320.0,twice-around-the-tree
5,euclidean,0.0026,27805.8314,twice-around-the-tree
5,manhattan,0.0022,37080.0,twice-around-the-tree
5,euclidean,0.0022,33332.6563,twice-around-the-tree
5,manhattan,0.0022,35892.0,twice-around-the-tree
5,euclidean,0.0022,30282.378,twice-around-the-tree
5,manhattan,0.0022,38744.0,twice-around-the-tree
5,euclidean,0.0022,28237.5998,twice-around-the-tree
5,manhattan,0.0022,41286.0,twice-around-the-tree
5,euclidean,0.0022,25998.4557,twice-around-the-tree
5,manhattan,0.0022,31082.0,twice-around-the-tree
5,euclidean,0.0023,27033.6091,twice-around-the-tree
5,manhattan,0.0022,37026.0,twice-around-the-tree
5,euclidean,0.0022,29048.5518,twice-around-the-tree
5,manhattan,0.0022,37494.0,twice-around-the-tree
5,euclidean,0.0027,31502.3228,twice-around-the-tree
5,manhattan,0.0022,37380.0,twice-around-the-tree
5,euclidean,0.0022,31720.7257,twice-around-the-tree
5,manhattan,0.0022,40116.0,twice-around-the-tree
5,euclidean,0.0025,34166.3944,twice-around-the-tree
5,manhattan,0.0022,42698.0,twice-around-the-tree
5,euclidean,0.0022,30218.081,twice-around-the-tree
5,manhattan,0.0022,37162.0,twice-around-the-tree
5,euclidean,0.0022,31680.713,twice-around-the-tree
5,manhattan,0.0022,38304.0,twice-around-the-tree
5,euclidean,0.0022,30201.4693,twice-around-the-tree
5,manhattan,0.0022,34682.0,twice-around-the-tree
5,euclidean,0.0022,28505.8541,twice-around-the-tree
5,manhattan,0.0022,37118.0,twice-around-the-tree
5,euclidean,0.0022,27453.8205,twice-around-the-tree
5,manhattan,0.0026,30574.0,twice-around-the-tree
5,euclidean,0.0022,30599.4707,twice-around-the-tree
5,manhattan,0.0022,37266.0,twice-around-the-tree
5,euclidean,0.0022,31241.0313,twice-around-the-tree
5,manhattan,0.0021,31482.0,twice-around-the-tree
5,euclidean,0.0025,28686.9445,twice-around-the-tree
5,manhattan,0.0022,35386.0,twice-around-the-tree
5,euclidean,0.0023,25074.5695,twice-around-the-tree
5,manhattan,0.0022,36232.0,twice-around-the-tree
5,euclidean,0.0022,37316.0991,twice-around-the-tree
5,manhattan,0.0022,39402.0,twice-around-the-tree
5,euclidean,0.0022,31936.2154,twice-around-the-tree
5,manhattan,0.0023,35684.0,twice-around-the-tree
5,euclidean,0.0022,33586.9569,twice-around-the-tree
5,manhattan,0.0027,41790.0,twice-around-the-tree
5,euclidean,0.0023,32370.7239,twice-around-the-tree
5,manhattan,0.0022,34744.0,twice-around-the-tree
5,euclidean,0.0023,33164.6921,twice-around-the-tree
5,manhattan,0.0022,40722.0,twice-around-the-tree
5,euclidean,0.0022,33742.4948,twice-around-the-tree
5,manhattan,0.0023,40726.0,twice-around-the-tree
5,euclidean,0.0022,28658.2705,twice-around-the-tree
5,manhattan,0.0022,35636.0,twice-around-the-tree
5,euclidean,0.0022,33430.647,twice-around-the-tree
5,manhattan,0.0023,40568.0,twice-around-the-tree
5,euclidean,0.0023,30829.2634,twice-around-the-tree
5,manhattan,0.0022,39034.0,twice-around-the-tree
5,euclidean,0.0022,31418.3157,twice-around-the-tree
5,manhattan,0.0027,37086.0,twice-around-the-tree
5,euclidean,0.0022,30490.1689,twice-around-the-tree
5,manhattan,0.0022,39094.0,twice-around-the-tree
5,euclidean,0.0023,30753.3772,twice-around-the-tree
5,manhattan,0.0022,39656.0,twice-around-the-tree
5,euclidean,0.0022,28563.8418,twice-around-the-tree
5,manhattan,0.0022,35544.0,twice-around-the-tree
5,euclidean,0.0026,32270.9585,twice-around-the-tree
5,manhattan,0.0023,39860.0,twice-around-the-tree
5,euclidean,0.0024,30445.0114,twice-around-the-tree
5,manhattan,0.0024,37766.0,twice-around-the-tree
5,euclidean,0.0023,28883.45,twice-around-the-tree
5,manhattan,0.0023,34018.0,twice-around-the-tree
5,euclidean,0.0022,26751.09,twice-around-the-tree
5,manhattan,0.0023,36854.0,twice-around-the-tree
5,euclidean,0.0028,29030.7049,twice-around-the-tree
5,manhattan,0.0022,34284.0,twice-around-the-tree
5,euclidean,0.0022,34116.5377,twice-around-the-tree
5,manhattan,0.0022,34442.0,twice-around-the-tree
5,euclidean,0.0022,29657.0178,twice-around-the-tree
5,manhattan,0.0022,36482.0,twice-around-the-tree
5,euclidean,0.0023,31568.7531,twice-around-the-tree
5,manhattan,0.0022,41388.0,twice-around-the-tree
5,euclidean,0.0022,30967.1985,twice-around-the-tree
5,manhattan,0.0022,41044.0,twice-around-the-tree
5,euclidean,0.0022,29572.2352,twice-around-the-tree
5,manhattan,0.0022,39036.0,twice-around-the-tree
5,euclidean,0.0022,26894.3367,twice-around-the-tree
5,manhattan,0.0021,33992.0,twice-around-the-tree
6,euclidean,0.0089,42817.3673,twice-around-the-tree
6,manhattan,0.0085,60226.0,twice-around-the-tree
6,euclidean,0.0084,41785.129,twice-around-the-tree
6,manhattan,0.0087,54272.0,twice-around-the-tree
6,euclidean,0.0086,46108.0026,twice-around-the-tree
6,manhattan,0.0087,57024.0,twice-around-the-tree
6,euclidean,0.0087,45728.1868,twice-around-the-tree
6,manhattan,0.009,51436.0,twice-around-the-tree
6,euclidean,0.0084,43357.5631,twice-around-the-tree
6,manhattan,0.0085,57434.0,twice-around-the-tree
6,euclidean,0.009,39500.0475,twice-around-the-tree
6,manhattan,0.0084,49020.0,twice-around-the-tree
6,euclidean,0.0083,40393.6369,twice-around-the-tree
6,manhattan,0.0086,50116.0,twice-around-the-tree
6,euclidean,0.009,38197.8989,twice-around-the-tree
6,manhattan,0.0084,47322.0,twice-around-the-tree
6,euclidean,0.0085,44123.8276,twice-around-the-tree
6,manhattan,0.0086,57674.0,twice-around-the-tree
6,euclidean,0.0091,39005.4741,twice-around-the-tree
6,manhattan,0.0084,55384.0,twice-around-the-tree
6,euclidean,0.0083,43385.3435,twice-around-the-tree
6,manhattan,0.0084,51764.0,twice-around-the-tree
6,euclidean,0.0091,38766.1064,twice-around-the-tree
6,manhattan,0.0084,50348.0,twice-around-the-tree
6,euclidean,0.0082,39284.9056,twice-around-the-tree
6,manhattan,0.0085,52038.0,twice-around-the-tree
6,euclidean,0.0092,37321.8474,twice-around-the-tree
6,manhattan,0.0086,52542.0,twice-around-the-tree
6,euclidean,0.0085,42569.3169,twice-around-the-tree
6,manhattan,0.0085,58472.0,twice-around-the-tree
6,euclidean,0.0089,42064.5566,twice-around-the-tree
6,manhattan,0.0084,49758.0,twice-around-the-tree
6,euclidean,0.0086,46227.3471,twice-around-the-tree
6,manhattan,0.0085,56558.0,twice-around-the-tree
6,euclidean,0.0087,45418.0936,twice-around-the-tree
6,manhattan,0.0086,56908.0,twice-around-the-tree
6,euclidean,0.0083,41353.6387,twice-around-the-tree
6,manhattan,0.0088,56794.0,twice-around-the-tree
6,euclidean,0.0086,38146.6978,twice-around-the-tree
6,manhattan,0.0085,50062.0,twice-around-the-tree
6,euclidean,0.0087,42472.5924,twice-around-the-tree
6,manhattan,0.0095,58000.0,twice-around-the-tree
6,euclidean,0.0084,39813.5525,twice-around-the-tree
6,manhattan,0.0083,48308.0,twice-around-the-tree
6,euclidean,0.0086,42697.9978,twice-around-the-tree
6,manhattan,0.009,54586.0,twice-around-the-tree
6,euclidean,0.0084,38712.782,twice-around-the-tree
6,manhattan,0.0085,51970.0,twice-around-the-tree
6,euclidean,0.0084,40633.9375,twice-around-the-tree
6,manhattan,0.0092,52444.0,twice-around-the-tree
6,euclidean,0.0083,42414.3905,twice-around-the-tree
6,manhattan,0.0085,55156.0,twice-around-the-tree
6,euclidean,0.0085,43308.6306,twice-around-the-tree
6,manhattan,0.009,56322.0,twice-around-the-tree
6,euclidean,0.0085,41837.0806,twice-around-the-tree
6,manhattan,0.0084,51548.0,twice-around-the-tree
6,euclidean,0.0083,39307.751,twice-around-the-tree
6,manhattan,0.0093,50164.0,twice-around-the-tree
6,euclidean,0.0083,38040.5217,twice-around-the-tree
6,manhattan,0.0082,45486.0,twice-around-the-tree
6,euclidean,0.0085,42225.9572,twice-around-the-tree
6,manhattan,0.0088,51746.0,twice-around-the-tree
6,euclidean,0.0084,43861.2785,twice-around-the-tree
6,manhattan,0.0086,56718.0,twice-around-the-tree
6,euclidean,0.0088,41943.0498,twice-around-the-tree
6,manhattan,0.0087,55682.0,twice-around-the-tree
6,euclidean,0.0085,45326.1502,twice-around-the-tree
6,manhattan,0.0086,56352.0,twice-around-the-tree
6,euclidean,0.0092,43340.2127,twice-around-the-tree
6,manhattan,0.0087,55228.0,twice-around-the-tree
6,euclidean,0.0085,45701.3179,twice-around-the-tree
6,manhattan,0.0087,58172.0,twice-around-the-tree
6,euclidean,0.009,41842.6393,twice-around-the-tree
6,manhattan,0.0084,48346.0,twice-around-the-tree
6,euclidean,0.0086,45792.7082,twice-around-the-tree
6,manhattan,0.0083,61748.0,twice-around-the-tree
6,euclidean,0.0088,43386.6306,twice-around-the-tree
6,manhattan,0.0087,46976.0,twice-around-the-tree
6,euclidean,0.0089,45058.4848,twice-around-the-tree
6,manhattan,0.0085,51072.0,twice-around-the-tree
6,euclidean,0.009,47203.0326,twice-around-the-tree
6,manhattan,0.0085,57850.0,twice-around-the-tree
6,euclidean,0.0084,45111.7985,twice-around-the-tree
6,manhattan,0.0085,53676.0,twice-around-the-tree
6,euclidean,0.0087,44954.3015,twice-around-the-tree
6,manhattan,0.0084,51250.0,twice-around-the-tree
6,euclidean,0.0084,37629.8294,twice-around-the-tree
6,manhattan,0.0085,46750.0,twice-around-the-tree
6,euclidean,0.0089,44104.8353,twice-around-the-tree
6,manhattan,0.0086,54616.0,twice-around-the-tree
6,euclidean,0.0084,40786.5355,twice-around-the-tree
6,manhattan,0.0088,55256.0,twice-around-the-tree
6,euclidean,0.0083,39307.5441,twice-around-the-tree
6,manhattan,0.0083,49470.0,twice-around-the-tree
6,euclidean,0.0086,41942.8391,twice-around-the-tree
6,manhattan,0.0091,57576.0,twice-around-the-tree
6,euclidean,0.0083,42532.1822,twice-around-the-tree
6,manhattan,0.0084,56066.0,twice-around-the-tree
6,euclidean,0.0086,42425.7408,twice-around-the-tree
6,manhattan,0.009,47478.0,twice-around-the-tree
7,euclidean,0.035,55363.3854,twice-around-the-tree
7,manhattan,0.035,73486.0,twice-around-the-tree
7,euclidean,0.0351,59077.1807,twice-around-the-tree
7,manhattan,0.0359,73850.0,twice-around-the-tree
7,euclidean,0.0347,55865.4854,twice-around-the-tree
7,manhattan,0.0661,74686.0,twice-around-the-tree
7,euclidean,0.035,55586.9625,twice-around-the-tree
7,manhattan,0.0357,70764.0,twice-around-the-tree
7,euclidean,0.0345,56260.2582,twice-around-the-tree
7,manhattan,0.0348,69264.0,twice-around-the-tree
7,euclidean,0.0348,59664.7577,twice-around-the-tree
7,manhattan,0.0351,74338.0,twice-around-the-tree
7,euclidean,0.0601,58004.6208,twice-around-the-tree
7,manhattan,0.0348,72636.0,twice-around-the-tree
7,euclidean,0.0347,57999.0626,twice-around-the-tree
7,manhattan,0.035,76032.0,twice-around-the-tree
7,euclidean,0.034,57154.8157,twice-around-the-tree
7,manhattan,0.0351,74554.0,twice-around-the-tree
7,euclidean,0.0344,58275.3925,twice-around-the-tree
7,manhattan,0.0628,71770.0,twice-around-the-tree
7,euclidean,0.0347,55940.3687,twice-around-the-tree
7,manhattan,0.035,72494.0,twice-around-the-tree
7,euclidean,0.0346,61173.8104,twice-around-the-tree
7,manhattan,0.0352,76128.0,twice-around-the-tree
7,euclidean,0.0347,57855.8999,twice-around-the-tree
7,manhattan,0.035,69116.0,twice-around-the-tree
7,euclidean,0.0348,57366.78,twice-around-the-tree
7,manhattan,0.0636,71434.0,twice-around-the-tree
7,euclidean,0.0351,55517.3781,twice-around-the-tree
7,manhattan,0.0349,73380.0,twice-around-the-tree
7,euclidean,0.0346,60771.6717,twice-around-the-tree
7,manhattan,0.035,74974.0,twice-around-the-tree
7,euclidean,0.0341,58803.8935,twice-around-the-tree
7,manhattan,0.0342,72388.0,twice-around-the-tree
7,euclidean,0.0616,51885.7988,twice-around-the-tree
7,manhattan,0.0345,72086.0,twice-around-the-tree
7,euclidean,0.0346,57446.6877,twice-around-the-tree
7,manhattan,0.035,71024.0,twice-around-the-tree
7,euclidean,0.0353,53738.0791,twice-around-the-tree
7,manhattan,0.0346,70654.0,twice-around-the-tree
7,euclidean,0.0343,58301.3576,twice-around-the-tree
7,manhattan,0.0369,76100.0,twice-around-the-tree
7,euclidean,0.0639,57259.0186,twice-around-the-tree
7,manhattan,0.0352,74248.0,twice-around-the-tree
7,euclidean,0.035,53475.0241,twice-around-the-tree
7,manhattan,0.0348,67414.0,twice-around-the-tree
7,euclidean,0.0351,58575.3474,twice-around-the-tree
7,manhattan,0.0348,70366.0,twice-around-the-tree
7,euclidean,0.0342,61226.2008,twice-around-the-tree
7,manhattan,0.0346,77376.0,twice-around-the-tree
7,euclidean,0.0637,57374.1956,twice-around-the-tree
7,manhattan,0.0355,72060.0,twice-around-the-tree
7,euclidean,0.0345,57611.6018,twice-around-the-tree
7,manhattan,0.0351,73882.0,twice-around-the-tree
7,euclidean,0.0352,51616.155,twice-around-the-tree
7,manhattan,0.0347,61990.0,twice-around-the-tree
7,euclidean,0.0347,52278.8892,twice-around-the-tree
7,manhattan,0.0617,68184.0,twice-around-the-tree
7,euclidean,0.0345,58459.8831,twice-around-the-tree
7,manhattan,0.0343,72992.0,twice-around-the-tree
7,euclidean,0.0349,53168.6641,twice-around-the-tree
7,manhattan,0.0362,72834.0,twice-around-the-tree
7,euclidean,0.035,60704.6577,twice-around-the-tree
7,manhattan,0.0344,75998.0,twice-around-the-tree
7,euclidean,0.0353,54903.7982,twice-around-the-tree
7,manhattan,0.064,69790.0,twice-around-the-tree
7,euclidean,0.0349,63335.1308,twice-around-the-tree
7,manhattan,0.035,79632.0,twice-around-the-tree
7,euclidean,0.0345,59675.029,twice-around-the-tree
7,manhattan,0.0355,70850.0,twice-around-the-tree
7,euclidean,0.0342,56795.5898,twice-around-the-tree
7,manhattan,0.0354,71634.0,twice-around-the-tree
7,euclidean,0.0347,56906.3856,twice-around-the-tree
7,manhattan,0.0635,74034.0,twice-around-the-tree
7,euclidean,0.0345,58491.6272,twice-around-the-tree
7,manhattan,0.0355,76298.0,twice-around-the-tree
7,euclidean,0.035,60451.4096,twice-around-the-tree
7,manhattan,0.0345,78522.0,twice-around-the-tree
7,euclidean,0.0347,56910.1938,twice-around-the-tree
7,manhattan,0.0342,65396.0,twice-around-the-tree
7,euclidean,0.0623,56701.365,twice-around-the-tree
7,manhattan,0.0357,76124.0,twice-around-the-tree
7,euclidean,0.0347,59118.0857,twice-around-the-tree
7,manhattan,0.0348,75552.0,twice-around-the-tree
7,euclidean,0.035,57649.8984,twice-around-the-tree
7,manhattan,0.0346,70618.0,twice-around-the-tree
7,euclidean,0.0347,59265.8372,twice-around-the-tree
7,manhattan,0.0346,76200.0,twice-around-the-tree
7,euclidean,0.0635,59212.711,twice-around-the-tree
7,manhattan,0.0348,74848.0,twice-around-the-tree
7,euclidean,0.0351,59923.2589,twice-around-the-tree
7,manhattan,0.0353,76196.0,twice-around-the-tree
7,euclidean,0.035,63934.7475,twice-around-the-tree
7,manhattan,0.0353,78912.0,twice-around-the-tree
7,euclidean,0.0342,59164.3535,twice-around-the-tree
7,manhattan,0.0346,76108.0,twice-around-the-tree
7,euclidean,0.0627,55719.7824,twice-around-the-tree
7,manhattan,0.0359,71360.0,twice-around-the-tree
7,euclidean,0.0349,61677.885,twice-around-the-tree
7,manhattan,0.0353,70264.0,twice-around-the-tree
8,euclidean,0.1734,77681.1195,twice-around-the-tree
8,manhattan,0.1469,98988.0,twice-around-the-tree
8,euclidean,0.1764,79922.6786,twice-around-the-tree
8,manhattan,0.1724,102060.0,twice-around-the-tree
8,euclidean,0.1496,81138.7254,twice-around-the-tree
8,manhattan,0.1722,102642.0,twice-around-the-tree
8,euclidean,0.1719,82017.8652,twice-around-the-tree
8,manhattan,0.1773,104026.0,twice-around-the-tree
8,euclidean,0.1446,81348.7625,twice-around-the-tree
8,manhattan,0.1759,103186.0,twice-around-the-tree
8,euclidean,0.1493,80198.5841,twice-around-the-tree
8,manhattan,0.1709,100244.0,twice-around-the-tree
8,euclidean,0.1683,83187.1069,twice-around-the-tree
8,manhattan,0.1782,102910.0,twice-around-the-tree
8,euclidean,0.1483,78840.6019,twice-around-the-tree
8,manhattan,0.1749,104336.0,twice-around-the-tree
8,euclidean,0.1733,83133.8532,twice-around-the-tree
8,manhattan,0.1486,104628.0,twice-around-the-tree
8,euclidean,0.1743,79843.7337,twice-around-the-tree
8,manhattan,0.1771,100032.0,twice-around-the-tree
8,euclidean,0.1482,82904.2334,twice-around-the-tree
8,manhattan,0.1733,106468.0,twice-around-the-tree
8,euclidean,0.1671,77009.0948,twice-around-the-tree
8,manhattan,0.1726,99322.0,twice-around-the-tree
8,euclidean,0.1481,86634.7037,twice-around-the-tree
8,manhattan,0.1737,108212.0,twice-around-the-tree
8,euclidean,0.1715,82623.9465,twice-around-the-tree
8,manhattan,0.1446,103870.0,twice-around-the-tree
8,euclidean,0.1734,81279.8897,twice-around-the-tree
8,manhattan,0.1701,98036.0,twice-around-the-tree
8,euclidean,0.1473,79890.5693,twice-around-the-tree
8,manhattan,0.1728,102950.0,twice-around-the-tree
8,euclidean,0.1709,77571.5431,twice-around-the-tree
8,manhattan,0.1765,100340.0,twice-around-the-tree
8,euclidean,0.1462,75820.4877,twice-around-the-tree
8,manhattan,0.1741,104176.0,twice-around-the-tree
8,euclidean,0.1731,80256.557,twice-around-the-tree
8,manhattan,0.1453,104740.0,twice-around-the-tree
8,euclidean,0.1731,81867.5706,twice-around-the-tree
8,manhattan,0.1734,103006.0,twice-around-the-tree
8,euclidean,0.147,80687.5385,twice-around-the-tree
8,manhattan,0.1712,102906.0,twice-around-the-tree
8,euclidean,0.1695,76245.0756,twice-around-the-tree
8,manhattan,0.1738,101630.0,twice-around-the-tree
8,euclidean,0.1456,82760.4879,twice-around-the-tree
8,manhattan,0.1732,104166.0,twice-around-the-tree
8,euclidean,0.1738,82805.7022,twice-around-the-tree
8,manhattan,0.1474,100324.0,twice-around-the-tree
8,euclidean,0.1724,83094.5986,twice-around-the-tree
8,manhattan,0.1697,103596.0,twice-around-the-tree
8,euclidean,0.1785,83475.2403,twice-around-the-tree
8,manhattan,0.1492,102910.0,twice-around-the-tree
8,euclidean,0.1764,78631.8601,twice-around-the-tree
8,manhattan,0.1473,102154.0,twice-around-the-tree
8,euclidean,0.175,80761.3907,twice-around-the-tree
8,manhattan,0.172,101836.0,twice-around-the-tree
8,euclidean,0.1488,78440.5508,twice-around-the-tree
8,manhattan,0.1729,107494.0,twice-around-the-tree
8,euclidean,0.1696,81163.2091,twice-around-the-tree
8,manhattan,0.1748,104908.0,twice-around-the-tree
8,euclidean,0.1466,83830.4657,twice-around-the-tree
8,manhattan,0.1754,104480.0,twice-around-the-tree
8,euclidean,0.1713,81432.6709,twice-around-the-tree
8,manhattan,0.1487,101656.0,twice-around-the-tree
8,euclidean,0.1718,81298.0812,twice-around-the-tree
8,manhattan,0.1721,103942.0,twice-around-the-tree
8,euclidean,0.1769,80492.9418,twice-around-the-tree
8,manhattan,0.1446,103024.0,twice-around-the-tree
8,euclidean,0.1771,85772.3293,twice-around-the-tree
8,manhattan,0.1486,104920.0,twice-around-the-tree
8,euclidean,0.173,81231.4307,twice-around-the-tree
8,manhattan,0.1727,105290.0,twice-around-the-tree
8,euclidean,0.1473,85168.5982,twice-around-the-tree
8,manhattan,0.1766,104456.0,twice-around-the-tree
8,euclidean,0.1674,81276.5284,twice-around-the-tree
8,manhattan,0.1728,103176.0,twice-around-the-tree
8,euclidean,0.1463,81809.2679,twice-around-the-tree
8,manhattan,0.1771,99200.0,twice-around-the-tree
8,euclidean,0.1729,83264.6024,twice-around-the-tree
8,manhattan,0.1467,103030.0,twice-around-the-tree
8,euclidean,0.1732,80107.4125,twice-around-the-tree
8,manhattan,0.1707,101804.0,twice-around-the-tree
8,euclidean,0.1768,87092.7694,twice-around-the-tree
8,manhattan,0.149,110048.0,twice-around-the-tree
8,euclidean,0.1768,79610.2015,twice-around-the-tree
8,manhattan,0.1477,104712.0,twice-around-the-tree
8,euclidean,0.1729,79940.8389,twice-around-the-tree
8,manhattan,0.1707,105830.0,twice-around-the-tree
8,euclidean,0.148,79219.7866,twice-around-the-tree
8,manhattan,0.172,101530.0,twice-around-the-tree
8,euclidean,0.1715,80243.8961,twice-around-the-tree
8,manhattan,0.177,104604.0,twice-around-the-tree
8,euclidean,0.1471,82537.2589,twice-around-the-tree
8,manhattan,0.204,101626.0,twice-around-the-tree
8,euclidean,0.2305,81068.2308,twice-around-the-tree
8,manhattan,0.199,102176.0,twice-around-the-tree
8,euclidean,0.3104,82503.9362,twice-around-the-tree
8,manhattan,0.2995,107660.0,twice-around-the-tree
8,euclidean,0.2287,82321.6438,twice-around-the-tree
8,manhattan,0.221,100990.0,twice-around-the-tree
9,euclidean,0.8927,116705.4345,twice-around-the-tree
9,manhattan,0.9313,144914.0,twice-around-the-tree
9,euclidean,0.7105,111814.628,twice-around-the-tree
9,manhattan,0.7676,148146.0,twice-around-the-tree
9,euclidean,0.8664,113612.7471,twice-around-the-tree
9,manhattan,0.7725,143094.0,twice-around-the-tree
9,euclidean,0.8014,114916.8983,twice-around-the-tree
9,manhattan,0.8031,146340.0,twice-around-the-tree
9,euclidean,0.7391,111987.1243,twice-around-the-tree
9,manhattan,0.7757,145462.0,twice-around-the-tree
9,euclidean,0.9144,112288.2788,twice-around-the-tree
9,manhattan,0.8939,141144.0,twice-around-the-tree
9,euclidean,0.7729,112537.2241,twice-around-the-tree
9,manhattan,0.8022,139874.0,twice-around-the-tree
9,euclidean,0.7636,113112.4141,twice-around-the-tree
9,manhattan,0.7614,144664.0,twice-around-the-tree
9,euclidean,0.7818,115159.7679,twice-around-the-tree
9,manhattan,0.7936,148312.0,twice-around-the-tree
9,euclidean,0.713,120170.2622,twice-around-the-tree
9,manhattan,0.7896,147226.0,twice-around-the-tree
9,euclidean,0.7228,114675.2556,twice-around-the-tree
9,manhattan,0.7844,146956.0,twice-around-the-tree
9,euclidean,0.7467,113894.5212,twice-around-the-tree
9,manhattan,0.9809,144364.0,twice-around-the-tree
9,euclidean,0.8462,118679.8981,twice-around-the-tree
9,manhattan,0.8402,147116.0,twice-around-the-tree
9,euclidean,0.8284,110906.5926,twice-around-the-tree
9,manhattan,0.9451,140878.0,twice-around-the-tree
9,euclidean,0.721,115867.2724,twice-around-the-tree
9,manhattan,0.7852,147936.0,twice-around-the-tree
9,euclidean,0.7188,117182.8947,twice-around-the-tree
9,manhattan,0.7806,145836.0,twice-around-the-tree
9,euclidean,0.7223,118402.8413,twice-around-the-tree
9,manhattan,0.9402,150396.0,twice-around-the-tree
9,euclidean,0.9202,112123.2717,twice-around-the-tree
9,manhattan,0.8267,142932.0,twice-around-the-tree
9,euclidean,0.8424,115703.3129,twice-around-the-tree
9,manhattan,0.9073,151656.0,twice-around-the-tree
9,euclidean,1.0688,115329.4669,twice-around-the-tree
9,manhattan,1.2605,148438.0,twice-around-the-tree
9,euclidean,0.874,115060.5991,twice-around-the-tree
9,manhattan,0.8919,144830.0,twice-around-the-tree
9,euclidean,0.7212,115728.1972,twice-around-the-tree
9,manhattan,0.8148,148700.0,twice-around-the-tree
9,euclidean,0.9079,114949.6895,twice-around-the-tree
9,manhattan,0.8254,142944.0,twice-around-the-tree
9,euclidean,0.7365,110599.2585,twice-around-the-tree
9,manhattan,0.8144,140642.0,twice-around-the-tree
9,euclidean,0.7517,112648.2921,twice-around-the-tree
9,manhattan,0.7869,142490.0,twice-around-the-tree
9,euclidean,0.774,113257.6975,twice-around-the-tree
9,manhattan,0.842,141680.0,twice-around-the-tree
9,euclidean,0.7313,113665.1828,twice-around-the-tree
9,manhattan,0.815,144686.0,twice-around-the-tree
9,euclidean,0.7533,114181.7917,twice-around-the-tree
9,manhattan,0.7824,148926.0,twice-around-the-tree
9,euclidean,0.7422,117088.0941,twice-around-the-tree
9,manhattan,0.7873,151452.0,twice-around-the-tree
9,euclidean,0.7701,114751.9246,twice-around-the-tree
9,manhattan,0.8197,146566.0,twice-around-the-tree
9,euclidean,0.7572,116838.9281,twice-around-the-tree
9,manhattan,0.7885,142990.0,twice-around-the-tree
9,euclidean,0.7157,111936.867,twice-around-the-tree
9,manhattan,1.0488,141386.0,twice-around-the-tree
9,euclidean,0.754,113338.0263,twice-around-the-tree
9,manhattan,0.8016,143022.0,twice-around-the-tree
9,euclidean,0.7788,108903.7794,twice-around-the-tree
9,manhattan,0.8211,142790.0,twice-around-the-tree
9,euclidean,0.7395,114644.8738,twice-around-the-tree
9,manhattan,0.8017,139410.0,twice-around-the-tree
9,euclidean,0.7324,112959.4083,twice-around-the-tree
9,manhattan,0.807,146140.0,twice-around-the-tree
9,euclidean,0.7414,118376.0679,twice-around-the-tree
9,manhattan,0.815,144102.0,twice-around-the-tree
9,euclidean,0.746,113022.8194,twice-around-the-tree
9,manhattan,0.8115,141094.0,twice-around-the-tree
9,euclidean,0.7523,111882.6033,twice-around-the-tree
9,manhattan,0.7917,143940.0,twice-around-the-tree
9,euclidean,0.7225,112831.6013,twice-around-the-tree
9,manhattan,0.8051,142490.0,twice-around-the-tree
9,euclidean,0.7273,114062.4297,twice-around-the-tree
9,manhattan,0.8135,143548.0,twice-around-the-tree
9,euclidean,0.7462,115923.3649,twice-around-the-tree
9,manhattan,0.8183,149950.0,twice-around-the-tree
9,euclidean,0.732,110699.5135,twice-around-the-tree
9,manhattan,0.8198,143594.0,twice-around-the-tree
9,euclidean,0.7313,114540.2671,twice-around-the-tree
9,manhattan,0.792,147584.0,twice-around-the-tree
9,euclidean,0.7475,114570.652,twice-around-the-tree
9,manhattan,0.7813,146486.0,twice-around-the-tree
9,euclidean,0.7295,116283.5129,twice-around-the-tree
9,manhattan,0.7987,146928.0,twice-around-the-tree
9,euclidean,0.9234,117783.5424,twice-around-the-tree
9,manhattan,1.3387,145396.0,twice-around-the-tree
9,euclidean,0.8107,118013.0572,twice-around-the-tree
9,manhattan,0.9309,144272.0,twice-around-the-tree
9,euclidean,0.7919,112295.4884,twice-around-the-tree
9,manhattan,0.9239,143690.0,twice-around-the-tree
9,euclidean,0.8994,116433.8249,twice-around-the-tree
9,manhattan,1.1359,143042.0,twice-around-the-tree
10,euclidean,4.2631,161152.5778,twice-around-the-tree
10,manhattan,4.3977,206600.0,twice-around-the-tree
10,euclidean,3.5119,162786.4006,twice-around-the-tree
10,manhattan,3.4611,204442.0,twice-around-the-tree
10,euclidean,3.8883,161512.7835,twice-around-the-tree
10,manhattan,3.4561,203778.0,twice-around-the-tree
10,euclidean,3.3037,162574.525,twice-around-the-tree
10,manhattan,3.3214,205536.0,twice-around-the-tree
10,euclidean,3.3147,160258.473,twice-around-the-tree
10,manhattan,3.4834,202982.0,twice-around-the-tree
10,euclidean,3.4057,161514.1949,twice-around-the-tree
10,manhattan,3.575,204830.0,twice-around-the-tree
10,euclidean,4.0192,163515.1326,twice-around-the-tree
10,manhattan,4.5033,202188.0,twice-around-the-tree
10,euclidean,3.6534,163429.0087,twice-around-the-tree
10,manhattan,3.315,209432.0,twice-around-the-tree
10,euclidean,3.293,162216.1288,twice-around-the-tree
10,manhattan,3.6358,204950.0,twice-around-the-tree
10,euclidean,3.4166,159065.0075,twice-around-the-tree
10,manhattan,3.4322,197756.0,twice-around-the-tree
10,euclidean,5.0315,167236.1986,twice-around-the-tree
10,manhattan,3.3802,208216.0,twice-around-the-tree
10,euclidean,3.2416,162881.5778,twice-around-the-tree
10,manhattan,3.2474,205428.0,twice-around-the-tree
10,euclidean,3.2857,162565.7898,twice-around-the-tree
10,manhattan,3.2342,207720.0,twice-around-the-tree
10,euclidean,3.2799,155546.6143,twice-around-the-tree
10,manhattan,3.2874,199250.0,twice-around-the-tree
10,euclidean,3.3102,161311.0441,twice-around-the-tree
10,manhattan,3.2281,203230.0,twice-around-the-tree
10,euclidean,3.2802,162606.4542,twice-around-the-tree
10,manhattan,3.2336,207172.0,twice-around-the-tree
10,euclidean,3.3011,163438.3752,twice-around-the-tree
10,manhattan,3.2551,207434.0,twice-around-the-tree
10,euclidean,3.449,160685.5763,twice-around-the-tree
10,manhattan,3.3397,201778.0,twice-around-the-tree
10,euclidean,4.1545,158294.7852,twice-around-the-tree
10,manhattan,4.3437,204064.0,twice-around-the-tree
10,euclidean,3.4339,156834.4449,twice-around-the-tree
10,manhattan,4.066,198418.0,twice-around-the-tree
10,euclidean,4.3214,158580.1045,twice-around-the-tree
10,manhattan,4.1262,199972.0,twice-around-the-tree
10,euclidean,3.9249,161516.6548,twice-around-the-tree
10,manhattan,3.24,202988.0,twice-around-the-tree
10,euclidean,3.5908,162437.4415,twice-around-the-tree
10,manhattan,3.3386,207478.0,twice-around-the-tree
10,euclidean,4.207,159154.1297,twice-around-the-tree
10,manhattan,4.4049,207464.0,twice-around-the-tree
10,euclidean,3.8197,161846.3462,twice-around-the-tree
10,manhattan,3.3065,199608.0,twice-around-the-tree
10,euclidean,3.6449,162974.5797,twice-around-the-tree
10,manhattan,3.4474,200816.0,twice-around-the-tree
10,euclidean,3.4383,162621.5868,twice-around-the-tree
10,manhattan,3.5095,204758.0,twice-around-the-tree
10,euclidean,3.387,165498.2075,twice-around-the-tree
10,manhattan,3.3205,204492.0,twice-around-the-tree
10,euclidean,3.4142,161066.7535,twice-around-the-tree
10,manhattan,3.2929,202852.0,twice-around-the-tree
10,euclidean,3.3314,161286.3149,twice-around-the-tree
10,manhattan,3.2844,205832.0,twice-around-the-tree
10,euclidean,3.3546,159667.7613,twice-around-the-tree
10,manhattan,3.2391,201210.0,twice-around-the-tree
10,euclidean,3.3248,160282.7611,twice-around-the-tree
10,manhattan,3.3066,205918.0,twice-around-the-tree
10,euclidean,3.5752,160237.7866,twice-around-the-tree
10,manhattan,3.3183,203764.0,twice-around-the-tree
10,euclidean,4.1158,158858.8372,twice-around-the-tree
10,manhattan,3.3162,209218.0,twice-around-the-tree
10,euclidean,3.7403,161786.2171,twice-around-the-tree
10,manhattan,3.6261,205784.0,twice-around-the-tree
10,euclidean,3.6548,162174.6041,twice-around-the-tree
10,manhattan,3.4609,206654.0,twice-around-the-tree
10,euclidean,3.4379,163480.3745,twice-around-the-tree
10,manhattan,3.481,207072.0,twice-around-the-tree
10,euclidean,3.5851,161274.7334,twice-around-the-tree
10,manhattan,3.2737,206192.0,twice-around-the-tree
10,euclidean,3.4946,159049.2242,twice-around-the-tree
10,manhattan,3.4021,197962.0,twice-around-the-tree
10,euclidean,3.3429,158668.2347,twice-around-the-tree
10,manhattan,3.6284,203504.0,twice-around-the-tree
10,euclidean,4.281,164943.2372,twice-around-the-tree
10,manhattan,3.9977,206718.0,twice-around-the-tree
10,euclidean,4.7592,158071.6661,twice-around-the-tree
10,manhattan,4.67,200868.0,twice-around-the-tree
10,euclidean,4.2189,163997.2009,twice-around-the-tree
10,manhattan,3.858,202074.0,twice-around-the-tree
10,euclidean,3.4968,161316.7336,twice-around-the-tree
10,manhattan,4.9179,208626.0,twice-around-the-tree
10,euclidean,3.4911,164037.9989,twice-around-the-tree
10,manhattan,3.8524,204092.0,twice-around-the-tree
10,euclidean,3.6234,162267.0993,twice-around-the-tree
10,manhattan,3.7984,202398.0,twice-around-the-tree
10,euclidean,5.2676,158292.7327,twice-around-the-tree
10,manhattan,4.2455,202728.0,twice-around-the-tree
10,euclidean,3.3398,159962.9714,twice-around-the-tree
10,manhattan,3.5961,203902.0,twice-around-the-tree
10,euclidean,3.5925,160908.1488,twice-around-the-tree
10,manhattan,3.8236,206946.0,twice-around-the-tree
10,euclidean,3.5576,157659.9078,twice-around-the-tree
10,manhattan,4.5462,201214.0,twice-around-the-tree
